id,name,st,en
6224,"Saguaro - Schoolyard BioBlitz",0,365
6429,"Cabrillo Intertidal BioBlitz",65,65
6435,"Death Valley: discovering life on the edge",71,71
6455,"Lake Mead",78,79
6640,"Fort Bowie: Birds, Bugs, and Botany",85,86
6728,"Golden Gate with Farallone View Elementary",91,91
6978,"Natchez Trace BioBlitz & Wildlife Weekend",106,106
6836,"Cesar E. Chavez",106,106
6471,"Great Smoky Mountains: North Carolina",112,112
6979,"Glacier Wildlife Observations",121,273
6468,"Knife River Indian Villages ArcheoBlitz",125,127
6457,"Jean Lafitte BugBlitz",126,126
6473,"Great Smoky Mountains: Tennessee",132,132
6826,"Klondike Gold Rush",132,133
6843,"Craters of the Moon: Lichen Blitz",133,134
6829,"Whiskeytown: Birds, Bees, and Butterflies BioBlitz",133,134
6839,"Chiricahua: Birds, Bugs and Botany",134,134
6994,"Yellowstone Dragonfly Hg",135,227
6831,"American Samoa",135,142
6813,"Valley Forge: Wildlife Watchers Photoblitz",136,142
6465,"Channel Islands",136,141
6859,"San Juan Island",136,141
6478,"Santa Monica Mountains",136,141
7283,"Aztec Ruins BugBlitz: May",138,139
6832,"North Cascades",140,142
6851,"Congaree",140,141
6852,"Fort Moultrie",140,141
7298,"George Washington Memorial Parkway",140,141
6819,"Harpers Ferry",140,141
6847,"First State",140,141
6854,"Hopewell Furnace",140,141
7364,"U.S. Botanic Garden",140,141
7281,"Piscataway",140,141
7026,"Mount Rainier",140,142
7278,"Oregon Caves BioBlitz",140,141
7300,"Point Reyes: Mudflat & Terrestrial Invertebrates",140,140
6494,"St. Croix",140,141
6812,"Cuyahoga Valley",140,141
6821,"Bandelier",140,141
6838,"Carl Sandburg Home",140,140
7025,"National Mall",140,141
6816,"Prince William Forest",140,141
6466,"Gates of the Arctic",140,142
6479,"Great Basin Bird BioBlitz",140,142
6996,"Saint-Gaudens",140,142
7069,"Olympic",140,141
7167,"Cowpens",140,141
7301,"President's Park",140,141
6476,"Weir Farm",140,141
6840,"C&O Canal Biodiversity Celebration",140,141
6849,"Gettysburg",140,140
6995,"Marsh-Billings-Rockefeller",140,141
6814,"Monocacy",140,141
7168,"Kings Mountain",140,141
7299,"Kenilworth",140,141
7440,"Little River Canyon",140,142
6480,"Indiana Dunes: Miller Woods BioBlitz",140,141
7169,"Ninety Six",140,141
6845,"Fort Caroline: Insect BioBlitz",140,141
7302,"Rock Creek Park",140,141
6860,"Sequoia and Kings Canyon",140,141
6815,"Manassas",140,141
6856,"John Muir",140,141
6818,"Ebey's Landing",140,142
6833,"Catoctin Insect BioBlitz",140,141
6827,"Hot Springs: Reptilian Roundup and Fungus Find",140,141
6846,"Fort Vancouver",140,141
6850,"Charles Pinckney",140,141
6864,"Lewis and Clark",140,141
7282,"Buffalo National River",141,142
6470,"City of Rocks: Birds and Blooms",141,141
6824,"Cabrillo: Urban Island BioBlitz",141,142
7286,"Missouri National Recreational River",141,142
6863,"Pipestone",141,141
6992,"Dinosaur Wild Life Weekend",141,142
6469,"Wind Cave Bird Blitz",141,141
6822,"Wolf Trap",141,141
7165,"Pinnacles",141,141
6855,"Homestead Critter Count",141,141
6889,"Lava Beds Bug-Blitz",141,141
6921,"Pullman!",141,141
7288,"Explore the Natural Side of Appomattox Court House",141,141
6467,"Montezuma Castle Invertebrate BioBlitz",141,141
6464,"Gulf Islands",141,141
6828,"George Washington Carver: Harkins Woods",141,141
6811,"Assateague Island",141,141
6857,"Joshua Tree Ethno-Bot-Blitz",141,141
6842,"Coronado: Birds, Bugs and Botany",141,141
6835,"Antietam: Grassland Birds",141,141
6862,"Yosemite BloomBlitz",142,142
6853,"Glacier Lake Ecology Blitz",145,148
6834,"Sagamore Hill BirdBlitz",149,149
7289,"Timpanogos Cave",159,159
6919,"Gateway: Jamaica Bay BioBlitz",161,162
7024,"Denali: Arthropod Inventory",166,242
7303,"Tallgrass Prairie Pollinators: Wildflowers and Butterflies",169,170
6980,"Theodore Roosevelt",175,176
6823,"Upper Delaware",175,176
7284,"Aztec Ruins BugBlitz: July",183,183
7279,"Oregon Caves Butterfly BioBlitz",183,183
7091,"Bering Land Bridge",188,191
6844,"Effigy Mounds: Arthropodapolooza",189,190
7304,"Zion Dragonfly BioBlitz",194,194
6817,"Mississippi River Coldwater BioBlitz",196,197
7090,"Lassen Volcanic Bird Banding BioBlitz",198,198
6848,"Glacier Weed Blitz",200,200
7296,"Acadia Lepidoptera BioBlitz",203,205
7089,"Lassen Volcanic: Butterfly BioBlitz",204,204
7297,"Crater Lake: Meet the Beetles",204,204
6837,"Carl Sandburg Scientists",204,204
6830,"Petrified Forest ReptileBlitz",222,229
7280,"Oregon Caves Dragonfly BioBlitz",225,225
6858,"Ocmulgee Butterfly BioBlitz",231,232
6475,"Tumacacori Pollinator BioBlitz",232,232
6981,"Glacier Alpine Aquatic Insect Blitz",238,240
6474,"Hawai'i Volcanoes: E Ho'omau...To perpetuate",239,239
6993,"Shenandoah: Mycological Foray",251,254
7170,"Sleeping Bear Dunes",259,260
7285,"Aztec Ruins BugBlitz: September",263,263
6991,"Colonial Insect Blitz",264,264
7071,"Boston Harbor Islands",266,267
6841,"Richmond Battlefield Biota",269,275
6825,"Homestead Bee BioBlitz",275,275
6861,"Voyageurs",280,281
6820,"Big Thicket Mini-BioBlitz",287,289
6920,"Gateway: Sandy Hook BioBlitz",296,297
